{
  "variants": {
    "": [
    	{"model": "minecraft:block/brown_mushroom0"},
    	{"model": "minecraft:block/brown_mushroom0", "y":90},
    	{"model": "minecraft:block/brown_mushroom0", "y":180},
    	{"model": "minecraft:block/brown_mushroom0", "y":270},
      	{"model": "minecraft:block/brown_mushroom1"},
      	{"model": "minecraft:block/brown_mushroom1", "y":90},
    	{"model": "minecraft:block/brown_mushroom1", "y":180},
    	{"model": "minecraft:block/brown_mushroom1", "y":270},
      	{"model": "minecraft:block/brown_mushroom2"},
      	{"model": "minecraft:block/brown_mushroom2", "y":90},
    	{"model": "minecraft:block/brown_mushroom2", "y":180},
    	{"model": "minecraft:block/brown_mushroom2", "y":270},
      	{"model": "minecraft:block/brown_mushroom3"},
      	{"model": "minecraft:block/brown_mushroom3", "y":90},
    	{"model": "minecraft:block/brown_mushroom3", "y":180},
    	{"model": "minecraft:block/brown_mushroom3", "y":270},
      	{"model": "minecraft:block/brown_mushroom4"},
      	{"model": "minecraft:block/brown_mushroom4", "y":90},
    	{"model": "minecraft:block/brown_mushroom4", "y":180},
    	{"model": "minecraft:block/brown_mushroom4", "y":270}
    ]
  }
}