{
    "variants": {
        "": [
            { "model": "block/lily_pad", "weight": 4 },
            { "model": "block/lily_pad", "y": 90, "weight": 4 },
            { "model": "block/lily_pad", "y": 180, "weight": 4 },
            { "model": "block/lily_pad", "y": 270, "weight": 4 },
            { "model": "block/lily_pad_flower_pink", "weight": 1 },
            { "model": "block/lily_pad_flower_pink", "y": 90, "weight": 1 },
            { "model": "block/lily_pad_flower_pink", "y": 180, "weight": 1 },
            { "model": "block/lily_pad_flower_pink", "y": 270, "weight": 1 },
            { "model": "block/lily_pad_flower_white", "weight": 1 },
            { "model": "block/lily_pad_flower_white", "y": 90, "weight": 1 },
            { "model": "block/lily_pad_flower_white", "y": 180, "weight": 1 },
            { "model": "block/lily_pad_flower_white", "y": 270, "weight": 1 },
            { "model": "block/lily_pad2", "weight": 4 },
            { "model": "block/lily_pad2", "y": 90, "weight": 4 },
            { "model": "block/lily_pad2", "y": 180, "weight": 4 },
            { "model": "block/lily_pad2", "y": 270, "weight": 4 }
        ]
    }
}
