{
    "variants": {
        "": [
            { "model": "block/netherrack_2", "weight": 1},
            { "model": "block/netherrack_2", "x": 90, "weight": 1 },
            { "model": "block/netherrack_2", "x": 180, "weight": 1 },
            { "model": "block/netherrack_2", "x": 270, "weight": 1 },
            { "model": "block/netherrack_2", "y": 90, "weight": 1 },
            { "model": "block/netherrack_2", "y": 90, "x": 90, "weight": 1 },
            { "model": "block/netherrack_2", "y": 90, "x": 180, "weight": 1 },
            { "model": "block/netherrack_2", "y": 90, "x": 270, "weight": 1 },
            { "model": "block/netherrack_2", "y": 180, "weight": 1 },
            { "model": "block/netherrack_2", "y": 180, "x": 90, "weight": 1 },
            { "model": "block/netherrack_2", "y": 180, "x": 180, "weight": 1 },
            { "model": "block/netherrack_2", "y": 180, "x": 270, "weight": 1 },
            { "model": "block/netherrack_2", "y": 270, "weight": 1 },
            { "model": "block/netherrack_2", "y": 270, "x": 90, "weight": 1 },
            { "model": "block/netherrack_2", "y": 270, "x": 180, "weight": 1 },
            { "model": "block/netherrack_2", "y": 270, "x": 270, "weight": 1 },

            { "model": "block/netherrack_3", "weight": 1},
            { "model": "block/netherrack_3", "x": 90, "weight": 1 },
            { "model": "block/netherrack_3", "x": 180, "weight": 1 },
            { "model": "block/netherrack_3", "x": 270, "weight": 1 },
            { "model": "block/netherrack_3", "y": 90, "weight": 1 },
            { "model": "block/netherrack_3", "y": 90, "x": 90, "weight": 1 },
            { "model": "block/netherrack_3", "y": 90, "x": 180, "weight": 1 },
            { "model": "block/netherrack_3", "y": 90, "x": 270, "weight": 1 },
            { "model": "block/netherrack_3", "y": 180, "weight": 1 },
            { "model": "block/netherrack_3", "y": 180, "x": 90, "weight": 1 },
            { "model": "block/netherrack_3", "y": 180, "x": 180, "weight": 1 },
            { "model": "block/netherrack_3", "y": 180, "x": 270, "weight": 1 },
            { "model": "block/netherrack_3", "y": 270, "weight": 1 },
            { "model": "block/netherrack_3", "y": 270, "x": 90, "weight": 1 },
            { "model": "block/netherrack_3", "y": 270, "x": 180, "weight": 1 },
            { "model": "block/netherrack_3", "y": 270, "x": 270, "weight": 1 },

            { "model": "block/netherrack_4", "weight": 1},
            { "model": "block/netherrack_4", "x": 90, "weight": 1 },
            { "model": "block/netherrack_4", "x": 180, "weight": 1 },
            { "model": "block/netherrack_4", "x": 270, "weight": 1 },
            { "model": "block/netherrack_4", "y": 90, "weight": 1 },
            { "model": "block/netherrack_4", "y": 90, "x": 90, "weight": 1 },
            { "model": "block/netherrack_4", "y": 90, "x": 180, "weight": 1 },
            { "model": "block/netherrack_4", "y": 90, "x": 270, "weight": 1 },
            { "model": "block/netherrack_4", "y": 180, "weight": 1 },
            { "model": "block/netherrack_4", "y": 180, "x": 90, "weight": 1 },
            { "model": "block/netherrack_4", "y": 180, "x": 180, "weight": 1 },
            { "model": "block/netherrack_4", "y": 180, "x": 270, "weight": 1 },
            { "model": "block/netherrack_4", "y": 270, "weight": 1 },
            { "model": "block/netherrack_4", "y": 270, "x": 90, "weight": 1 },
            { "model": "block/netherrack_4", "y": 270, "x": 180, "weight": 1 },
            { "model": "block/netherrack_4", "y": 270, "x": 270, "weight": 1 },

            { "model": "block/netherrack", "weight": 10 },
            { "model": "block/netherrack", "x": 90, "weight": 10 },
            { "model": "block/netherrack", "x": 180, "weight": 10 },
            { "model": "block/netherrack", "x": 270, "weight": 10 },
            { "model": "block/netherrack", "y": 90, "weight": 10 },
            { "model": "block/netherrack", "y": 90, "x": 90, "weight": 10 },
            { "model": "block/netherrack", "y": 90, "x": 180, "weight": 10 },
            { "model": "block/netherrack", "y": 90, "x": 270, "weight": 10 },
            { "model": "block/netherrack", "y": 180, "weight": 10 },
            { "model": "block/netherrack", "y": 180, "x": 90, "weight": 10 },
            { "model": "block/netherrack", "y": 180, "x": 180, "weight": 10 },
            { "model": "block/netherrack", "y": 180, "x": 270, "weight": 10 },
            { "model": "block/netherrack", "y": 270, "weight": 10 },
            { "model": "block/netherrack", "y": 270, "x": 90, "weight": 10 },
            { "model": "block/netherrack", "y": 270, "x": 180, "weight": 10 },
            { "model": "block/netherrack", "y": 270, "x": 270, "weight": 10 }
        ]
    }
}
