{
  "variants": {
    "power=0": {
      "model": "minecraft:block/target"
    },
    "power=1": {
      "model": "minecraft:block/target_8"
    },
    "power=2": {
      "model": "minecraft:block/target_7"
    },
    "power=3": {
      "model": "minecraft:block/target_7"
    },
    "power=4": {
      "model": "minecraft:block/target_6"
    },
    "power=5": {
      "model": "minecraft:block/target_6"
    },
    "power=6": {
      "model": "minecraft:block/target_5"
    },
    "power=7": {
      "model": "minecraft:block/target_5"
    },
    "power=8": {
      "model": "minecraft:block/target_4"
    },
    "power=9": {
      "model": "minecraft:block/target_4"
    },
    "power=10": {
      "model": "minecraft:block/target_3"
    },
    "power=11": {
      "model": "minecraft:block/target_3"
    },
    "power=12": {
      "model": "minecraft:block/target_2"
    },
    "power=13": {
      "model": "minecraft:block/target_2"
    },
    "power=14": {
      "model": "minecraft:block/target_1"
    },
    "power=15": {
      "model": "minecraft:block/target_1"
    }
  }
}