{
	"credit": "Created by _GrandMagus_",
	"textures": {
		"top": "block/cherry_door_top",
		"particle": "block/cherry_door_top_flipped",
		"top_flipped": "block/cherry_door_top_flipped",
		"side": "block/cherry_door_top_sides"
	},
	"elements": [
		{
			"name": "Cube3",
			"from": [0, 0, 0],
			"to": [3, 12, 4],
			"faces": {
				"north": {"uv": [0, 4, 3, 16], "texture": "#side", "cullface": "north"},
				"east": {"uv": [4, 4, 0, 16], "texture": "#top_flipped"},
				"south": {"uv": [3, 4, 4, 16], "texture": "#top"},
				"west": {"uv": [0, 4, 4, 16], "texture": "#top", "cullface": "west"}
			}
		},
		{
			"name": "Cube3",
			"from": [0, 0, 12],
			"to": [3, 12, 16],
			"faces": {
				"north": {"uv": [13, 4, 12, 16], "texture": "#top"},
				"east": {"uv": [16, 4, 12, 16], "texture": "#top_flipped"},
				"south": {"uv": [3, 4, 6, 16], "texture": "#side", "cullface": "south"},
				"west": {"uv": [12, 4, 16, 16], "texture": "#top", "cullface": "west"}
			}
		},
		{
			"name": "Cube2",
			"from": [1.5, 0, 4],
			"to": [1.5, 12, 12],
			"faces": {
				"east": {"uv": [12, 4, 4, 16], "texture": "#top_flipped"},
				"west": {"uv": [4, 4, 12, 16], "texture": "#top", "cullface": "west"}
			}
		},
		{
			"name": "Cube2",
			"from": [0, 12, 0],
			"to": [3, 16, 16],
			"faces": {
				"north": {"uv": [0, 0, 3, 4], "texture": "#side", "cullface": "north"},
				"east": {"uv": [16, 0, 0, 4], "texture": "#top_flipped"},
				"south": {"uv": [3, 0, 6, 4], "texture": "#side", "cullface": "south"},
				"west": {"uv": [0, 0, 16, 4], "texture": "#top", "cullface": "west"},
				"up": {"uv": [9, 0, 6, 16], "texture": "#side", "cullface": "up"},
				"down": {"uv": [16, 3, 0, 4], "rotation": 90, "texture": "#top"}
			}
		}
	]
}