{
	"credit": "Created by _GrandMagus_",
	"parent": "block/template_orientable_trapdoor_bottom",
	"textures": {
		"texture": "block/cherry_trapdoor",
		"side": "block/cherry_trapdoor_side"
	},
	"elements": [
		{
			"from": [0, 0, 0],
			"to": [4, 3, 16],
			"faces": {
				"north": {"uv": [12, 0, 16, 3], "texture": "#side", "cullface": "north"},
				"east": {"uv": [0, 3, 16, 6], "texture": "#side"},
				"south": {"uv": [0, 3, 4, 6], "texture": "#side", "cullface": "south"},
				"west": {"uv": [0, 6, 16, 9], "texture": "#side", "cullface": "west"},
				"up": {"uv": [0, 0, 4, 16], "texture": "#texture"},
				"down": {"uv": [0, 16, 4, 0], "texture": "#texture", "cullface": "down"}
			}
		},
		{
			"from": [4, 0, 0.0001],
			"to": [12, 3, 4.0001],
			"faces": {
				"north": {"uv": [4, 0, 12, 3], "texture": "#side", "cullface": "north"},
				"south": {"uv": [4, 3, 12, 6], "texture": "#side"},
				"up": {"uv": [4, 0, 12, 4], "texture": "#texture"},
				"down": {"uv": [4, 4, 12, 0], "texture": "#texture", "cullface": "down"}
			}
		},
		{
			"from": [4, 0, 12],
			"to": [12, 3, 16],
			"faces": {
				"north": {"uv": [4, 6, 12, 9], "texture": "#side"},
				"south": {"uv": [4, 3, 12, 6], "texture": "#side", "cullface": "south"},
				"up": {"uv": [4, 12, 12, 16], "texture": "#texture"},
				"down": {"uv": [4, 16, 12, 12], "texture": "#texture", "cullface": "down"}
			}
		},
		{
			"from": [4, 1.5, 4],
			"to": [12, 1.5, 12],
			"faces": {
				"up": {"uv": [4, 4, 12, 12], "texture": "#texture"},
				"down": {"uv": [4, 12, 12, 4], "texture": "#texture", "cullface": "down"}
			}
		},
		{
			"from": [12, 0, 0],
			"to": [16, 3, 16],
			"faces": {
				"north": {"uv": [0, 0, 4, 3], "texture": "#side", "cullface": "north"},
				"east": {"uv": [0, 3, 16, 6], "texture": "#side", "cullface": "south"},
				"south": {"uv": [12, 3, 16, 6], "texture": "#side", "cullface": "south"},
				"west": {"uv": [0, 6, 16, 9], "texture": "#side"},
				"up": {"uv": [12, 0, 16, 16], "texture": "#texture"},
				"down": {"uv": [12, 16, 16, 0], "texture": "#texture", "cullface": "down"}
			}
		}
	]
}