{
	"credit": "Created by _GrandMagus_",
	"parent": "block/template_orientable_trapdoor_bottom",
	"textures": {
		"texture": "block/cherry_trapdoor",
		"side": "block/cherry_trapdoor_side"
	},
	"elements": [
		{
			"from": [12, 0, 13],
			"to": [16, 16, 16],
			"faces": {
				"north": {"uv": [0, 0, 4, 16], "texture": "#texture"},
				"east": {"uv": [0, 6, 16, 9], "rotation": 90, "texture": "#side", "cullface": "east"},
				"south": {"uv": [0, 16, 4, 0], "rotation": 180, "texture": "#texture", "cullface": "south"},
				"west": {"uv": [0, 3, 16, 6], "rotation": 270, "texture": "#side"},
				"up": {"uv": [12, 0, 16, 3], "texture": "#side", "cullface": "up"},
				"down": {"uv": [0, 3, 4, 6], "rotation": 180, "texture": "#side", "cullface": "down"}
			}
		},
		{
			"from": [4, 11.9999, 13],
			"to": [12, 15.9999, 16],
			"faces": {
				"north": {"uv": [4, 0, 12, 4], "texture": "#texture"},
				"south": {"uv": [4, 4, 12, 0], "rotation": 180, "texture": "#texture", "cullface": "south"},
				"up": {"uv": [4, 0, 12, 3], "texture": "#side", "cullface": "up"},
				"down": {"uv": [4, 3, 12, 6], "rotation": 180, "texture": "#side"}
			}
		},
		{
			"from": [4, 0, 13],
			"to": [12, 4, 16],
			"faces": {
				"north": {"uv": [4, 12, 12, 16], "texture": "#texture"},
				"south": {"uv": [4, 16, 12, 12], "rotation": 180, "texture": "#texture", "cullface": "south"},
				"up": {"uv": [4, 6, 12, 9], "texture": "#side"},
				"down": {"uv": [4, 3, 12, 6], "rotation": 180, "texture": "#side", "cullface": "down"}
			}
		},
		{
			"from": [4, 4, 14.5],
			"to": [12, 12, 14.5],
			"faces": {
				"north": {"uv": [4, 4, 12, 12], "texture": "#texture"},
				"south": {"uv": [4, 12, 12, 4], "rotation": 180, "texture": "#texture", "cullface": "south"}
			}
		},
		{
			"from": [0, 0, 13],
			"to": [4, 16, 16],
			"faces": {
				"north": {"uv": [12, 0, 16, 16], "texture": "#texture"},
				"east": {"uv": [0, 6, 16, 9], "rotation": 90, "texture": "#side"},
				"south": {"uv": [12, 16, 16, 0], "rotation": 180, "texture": "#texture", "cullface": "south"},
				"west": {"uv": [0, 3, 16, 6], "rotation": 270, "texture": "#side", "cullface": "west"},
				"up": {"uv": [0, 0, 4, 3], "texture": "#side", "cullface": "up"},
				"down": {"uv": [12, 3, 16, 6], "rotation": 180, "texture": "#side", "cullface": "down"}
			}
		}
	]
}