{
	"credit": "Created by _GrandMagus_",
	"texture_size": [32, 32],
	"textures": {
		"particle": "minecraft:block/models/crimson_fungus",
		"fungus": "minecraft:block/models/crimson_fungus"
	},
	"elements": [
		{
			"from": [7, 0, 7],
			"to": [9, 3, 9],
			"rotation": {"angle": 0, "axis": "y", "origin": [8, 4, 8]},
			"faces": {
				"north": {"uv": [15, 13.5, 16, 15], "texture": "#fungus"},
				"east": {"uv": [15, 13.5, 16, 15], "texture": "#fungus"},
				"south": {"uv": [15, 13.5, 16, 15], "texture": "#fungus"},
				"west": {"uv": [15, 13.5, 16, 15], "texture": "#fungus"},
				"up": {"uv": [15, 12.5, 16, 13.5], "texture": "#fungus"},
				"down": {"uv": [15, 15, 16, 16], "texture": "#fungus"}
			}
		},
		{
			"from": [4, 3, 4],
			"to": [12, 6, 12],
			"rotation": {"angle": 0, "axis": "y", "origin": [8, 6, 8]},
			"faces": {
				"north": {"uv": [9, 2.5, 13, 4], "texture": "#fungus"},
				"east": {"uv": [4.5, 2.5, 8.5, 4], "texture": "#fungus"},
				"south": {"uv": [0, 2.5, 4, 4], "texture": "#fungus"},
				"west": {"uv": [4.5, 2.5, 8.5, 4], "texture": "#fungus"},
				"up": {"uv": [5.5, 11.5, 9.5, 15.5], "texture": "#fungus"},
				"down": {"uv": [0, 11, 4, 15], "texture": "#fungus"}
			}
		},
		{
			"from": [6, 6, 6],
			"to": [10, 9, 10],
			"rotation": {"angle": 0, "axis": "y", "origin": [8, 6, 8]},
			"faces": {
				"north": {"uv": [9.5, 0.5, 11.5, 2], "texture": "#fungus"},
				"east": {"uv": [3.5, 0.5, 5.5, 2], "texture": "#fungus"},
				"south": {"uv": [11.5, 0, 13.5, 1.5], "texture": "#fungus"},
				"west": {"uv": [5.5, 0, 7.5, 1.5], "texture": "#fungus"},
				"up": {"uv": [6.5, 12.5, 8.5, 14.5], "rotation": 90, "texture": "#fungus"},
				"down": {"uv": [10, 13, 12, 15], "texture": "#fungus"}
			}
		}
	]
}