{
	"credit": "Created by _GrandMagus_",
	"ambientocclusion": false,
	"textures": {
		"particle": "block/dead_bush",
		"cross": "block/dead_bush",
		"skull": "block/dead_bush_skull"
	},
	"elements": [
		{
			"from": [ 0.8, 0, 8 ],
			"to": [ 15.2, 16, 8.001 ],
			"rotation": { "origin": [ 8, 8, 8 ], "axis": "y", "angle": 45, "rescale": true },
			"shade": false,
			"faces": {
				"north": { "uv": [ 0, 0, 16, 16 ], "texture": "#cross" },
				"south": { "uv": [ 0, 0, 16, 16 ], "texture": "#cross" }
			}
		},
		{
			"from": [ 8, 0, 0.8 ],
			"to": [ 8.001, 16, 15.2 ],
			"rotation": { "origin": [ 8, 8, 8 ], "axis": "y", "angle": 45, "rescale": true },
			"shade": false,
			"faces": {
				"west": { "uv": [ 0, 0, 16, 16 ], "texture": "#cross" },
				"east": { "uv": [ 0, 0, 16, 16 ], "texture": "#cross" }
			}
		},
		{
			"from": [ 4, 0, 3 ],
			"to": [ 12, 8, 11 ],
			"rotation": { "origin": [ 4, 0, 3 ], "axis": "x", "angle": 22.5 },
			"faces": {
				"down": { "uv": [ 8, 15, 16, 16 ], "texture": "#skull" },
				"up": { "uv": [ 0, 8, 8, 0 ], "texture": "#skull" },
				"north": { "uv": [ 8, 0, 16, 8 ], "texture": "#skull" },
				"south": { "uv": [ 8, 8, 16, 16 ], "texture": "#skull" },
				"west": { "uv": [ 0, 8, 8, 16 ], "texture": "#skull" },
				"east": { "uv": [ 8, 8, 0, 16 ], "texture": "#skull" }
			}
		}
	]
}