{
	"credit": "Created by _GrandMagus_",
	"parent": "block/cube_all",
	"textures": {
		"all": "block/netherrack",
		"cross": "block/netherrack_cross"
	},
	"elements": [
		{
			"from": [ 2.8, 16, 2.2 ],
			"to": [ 5.8, 17, 5.2 ],
			"rotation": { "origin": [ 5.5, 16, 2.5 ], "axis": "y", "angle": 45 },
			"faces": {
				"up": { "uv": [ 8, 8, 11, 11 ], "texture": "#all", "cullface": "up" },
				"north": { "uv": [ 8.000001, 0, 11, 1 ], "texture": "#all", "cullface": "up" },
				"south": { "uv": [ 4, 0, 7, 1 ], "texture": "#all", "cullface": "up" },
				"west": { "uv": [ 5, 0, 8, 1 ], "texture": "#all", "cullface": "up" },
				"east": { "uv": [ 8, 3, 11, 4 ], "texture": "#all", "cullface": "up" }
			}
		},
		{
			"from": [ 0, 0, 0 ],
			"to": [ 16, 16, 16 ],
			"faces": {
				"down": { "uv": [ 0, 0, 16, 16 ], "texture": "#all", "cullface": "down" },
				"up": { "uv": [ 0, 0, 16, 16 ], "texture": "#all", "cullface": "up" },
				"north": { "uv": [ 0, 0, 16, 16 ], "texture": "#all", "cullface": "north" },
				"south": { "uv": [ 0, 0, 16, 16 ], "texture": "#all", "cullface": "south" },
				"west": { "uv": [ 0, 0, 16, 16 ], "texture": "#all", "cullface": "west" },
				"east": { "uv": [ 0, 0, 16, 16 ], "texture": "#all", "cullface": "east" }
			}
		},
		{
			"from": [ 9, 16, 5.5 ],
			"to": [ 14, 18, 11.5 ],
			"rotation": { "origin": [ 9, 16, 5.5 ], "axis": "y", "angle": -22.5 },
			"faces": {
				"up": { "uv": [ 5, 2, 10, 8 ], "texture": "#all", "cullface": "up" },
				"north": { "uv": [ 5, 0, 10, 2 ], "texture": "#all", "cullface": "up" },
				"south": { "uv": [ 6, 0, 11, 2 ], "texture": "#all", "cullface": "up" },
				"west": { "uv": [ 2, 0, 8, 2 ], "texture": "#all", "cullface": "up" },
				"east": { "uv": [ 9, 0, 15, 2 ], "texture": "#all", "cullface": "up" }
			}
		},
		{
			"from": [ 5, 16, 7 ],
			"to": [ 9, 17, 12 ],
			"faces": {
				"up": { "uv": [ 1, 8, 5, 13 ], "texture": "#all", "cullface": "up" },
				"north": { "uv": [ 7, 0, 11, 1 ], "texture": "#all", "cullface": "up" },
				"south": { "uv": [ 5, 0, 9, 1 ], "texture": "#all", "cullface": "up" },
				"west": { "uv": [ 7, 0, 12, 1 ], "texture": "#all", "cullface": "up" },
				"east": { "uv": [ 4, 0, 9, 1 ], "texture": "#all", "cullface": "up" }
			}
		}
	]
}