{
	"credit": "Created by _GrandMagus_",
	"parent": "block/template_orientable_trapdoor_bottom",
	"textures": {
		"texture": "block/oak_trapdoor",
		"side": "block/oak_trapdoor_side"
	},
	"elements": [
		{
			"name": "Cube1",
			"from": [13, 0, 13],
			"to": [16, 16, 16],
			"faces": {
				"north": {"uv": [3, 16, 0, 0], "rotation": 180, "texture": "#texture"},
				"east": {"uv": [0, 0, 16, 3], "rotation": 90, "texture": "#side", "cullface": "east"},
				"south": {"uv": [0, 16, 3, 0], "rotation": 180, "texture": "#texture", "cullface": "south"},
				"west": {"uv": [0, 3, 16, 6], "rotation": 270, "texture": "#side"},
				"up": {"uv": [13, 0, 16, 3], "texture": "#side", "cullface": "up"},
				"down": {"uv": [3, 3, 0, 0], "texture": "#side", "cullface": "down"}
			}
		},
		{
			"name": "Cube1",
			"from": [6, 3, 13],
			"to": [10, 13, 16],
			"faces": {
				"north": {"uv": [10, 13, 6, 3], "rotation": 180, "texture": "#texture"},
				"east": {"uv": [6, 6, 16, 9], "rotation": 90, "texture": "#side"},
				"south": {"uv": [6, 13, 10, 3], "rotation": 180, "texture": "#texture", "cullface": "south"},
				"west": {"uv": [3, 3, 13, 6], "rotation": 270, "texture": "#side"}
			}
		},
		{
			"name": "Cube1",
			"from": [3, 13, 13.0001],
			"to": [13, 16, 16.0001],
			"faces": {
				"north": {"uv": [13, 3, 3, 0], "rotation": 180, "texture": "#texture"},
				"south": {"uv": [3, 3, 13, 0], "rotation": 180, "texture": "#texture", "cullface": "south"},
				"up": {"uv": [3, 0, 13, 3], "texture": "#side", "cullface": "up"},
				"down": {"uv": [13, 6, 3, 3], "texture": "#side"}
			}
		},
		{
			"name": "Cube1",
			"from": [3, 6, 13],
			"to": [13, 10, 16],
			"faces": {
				"north": {"uv": [13, 10, 3, 6], "rotation": 180, "texture": "#texture"},
				"south": {"uv": [3, 10, 13, 6], "rotation": 180, "texture": "#texture", "cullface": "south"},
				"up": {"uv": [3, 6, 13, 9], "texture": "#side"},
				"down": {"uv": [13, 6, 3, 3], "texture": "#side"}
			}
		},
		{
			"name": "Cube1",
			"from": [3, 0, 13],
			"to": [13, 3, 16],
			"faces": {
				"north": {"uv": [13, 16, 3, 13], "rotation": 180, "texture": "#texture"},
				"south": {"uv": [3, 16, 13, 13], "rotation": 180, "texture": "#texture", "cullface": "south"},
				"up": {"uv": [3, 6, 13, 9], "texture": "#side"},
				"down": {"uv": [13, 3, 3, 0], "texture": "#side", "cullface": "down"}
			}
		},
		{
			"name": "Cube1",
			"from": [0, 0, 13],
			"to": [3, 16, 16],
			"faces": {
				"north": {"uv": [16, 16, 13, 0], "rotation": 180, "texture": "#texture"},
				"east": {"uv": [0, 6, 16, 9], "rotation": 90, "texture": "#side"},
				"south": {"uv": [13, 16, 16, 0], "rotation": 180, "texture": "#texture", "cullface": "south"},
				"west": {"uv": [0, 0, 16, 3], "rotation": 270, "texture": "#side", "cullface": "west"},
				"up": {"uv": [0, 0, 3, 3], "texture": "#side", "cullface": "up"},
				"down": {"uv": [16, 3, 13, 0], "texture": "#side", "cullface": "down"}
			}
		}
	]
}