{
	"credit": "Created by _GrandMagus_",
	"textures": {
		"top": "block/oak_door_top",
		"particle": "block/oak_door_top_flipped",
		"top_flipped": "block/oak_door_top_flipped",
		"side": "block/oak_door_top_sides"
	},
	"elements": [
		{
			"name": "Cube2",
			"from": [0, 8, 3],
			"to": [3, 10, 13],
			"faces": {
				"east": {"uv": [13, 6, 3, 8], "texture": "#top_flipped"},
				"west": {"uv": [3, 6, 13, 8], "texture": "#top", "cullface": "west"},
				"up": {"uv": [13, 6, 3, 7], "rotation": 90, "texture": "#top_flipped"},
				"down": {"uv": [13, 7, 3, 8], "rotation": 90, "texture": "#top_flipped"}
			}
		},
		{
			"name": "Cube3",
			"from": [0, 5, 7],
			"to": [3, 13, 9],
			"faces": {
				"north": {"uv": [7, 3, 8, 11], "texture": "#top_flipped"},
				"east": {"uv": [9, 3, 7, 11], "texture": "#top_flipped"},
				"south": {"uv": [8, 3, 9, 11], "texture": "#top_flipped"},
				"west": {"uv": [7, 3, 9, 11], "texture": "#top", "cullface": "west"}
			}
		},
		{
			"name": "Cube3",
			"from": [0, 5, 13],
			"to": [3, 16, 16],
			"faces": {
				"north": {"uv": [13, 0, 14, 11], "texture": "#top_flipped"},
				"east": {"uv": [16, 0, 13, 11], "texture": "#top_flipped"},
				"south": {"uv": [3, 0, 6, 11], "texture": "#side", "cullface": "south"},
				"west": {"uv": [13, 0, 16, 11], "texture": "#top", "cullface": "west"},
				"up": {"uv": [6, 13, 9, 16], "texture": "#side", "cullface": "up"}
			}
		},
		{
			"name": "Cube3",
			"from": [0, 5, 0],
			"to": [3, 16, 3],
			"faces": {
				"north": {"uv": [0, 0, 3, 11], "texture": "#side", "cullface": "north"},
				"east": {"uv": [3, 0, 0, 11], "texture": "#top_flipped"},
				"south": {"uv": [2, 0, 3, 11], "texture": "#top_flipped"},
				"west": {"uv": [0, 0, 3, 11], "texture": "#top", "cullface": "west"},
				"up": {"uv": [6, 0, 9, 3], "texture": "#side", "cullface": "up"}
			}
		},
		{
			"name": "Cube2",
			"from": [0, 0, 0],
			"to": [3, 5, 16],
			"faces": {
				"north": {"uv": [0, 11, 3, 16], "texture": "#side", "cullface": "north"},
				"east": {"uv": [16, 11, 0, 16], "texture": "#top_flipped"},
				"south": {"uv": [3, 11, 6, 16], "texture": "#side", "cullface": "south"},
				"west": {"uv": [0, 11, 16, 16], "texture": "#top", "cullface": "west"},
				"up": {"uv": [0, 11, 16, 12], "rotation": 90, "texture": "#top_flipped"}
			}
		},
		{
			"name": "Cube2",
			"from": [0, 13, 3],
			"to": [3, 16, 13],
			"faces": {
				"east": {"uv": [13, 0, 3, 3], "texture": "#top_flipped"},
				"west": {"uv": [3, 0, 13, 3], "texture": "#top", "cullface": "west"},
				"up": {"uv": [6, 3, 9, 13], "texture": "#side", "cullface": "up"},
				"down": {"uv": [13, 2, 3, 3], "rotation": 90, "texture": "#top_flipped"}
			}
		}
	]
}